{"name":"Biryani_types","identifier":"Z3L8VS8J1I","description":null,"slotTypeName":"Types","obfuscationSetting":{"obfuscationSettingType":"DefaultObfuscation"},"valueElicitationSetting":{"promptSpecification":{"messageGroupsList":[{"message":{"ssmlMessage":null,"imageResponseCard":null,"plainTextMessage":{"value":"Which Biryani you like ?"},"customPayload":null},"variations":null}],"allowInterrupt":true,"maxRetries":4},"sampleUtterances":null,"slotConstraint":"Required","defaultValueSpecification":null,"waitAndContinueSpecification":null},"multipleValuesSetting":{"allowMultipleValues":true}}