{"name":"Flavors","identifier":"PB0SIQCV1L","description":null,"slotTypeName":"flavors","obfuscationSetting":{"obfuscationSettingType":"DefaultObfuscation"},"valueElicitationSetting":{"promptSpecification":{"messageGroupsList":[{"message":{"ssmlMessage":null,"imageResponseCard":null,"plainTextMessage":{"value":"Sure , Which flavor you like to have ?"},"customPayload":null},"variations":null}],"allowInterrupt":true,"maxRetries":4},"sampleUtterances":null,"slotConstraint":"Required","defaultValueSpecification":null,"waitAndContinueSpecification":null},"multipleValuesSetting":{"allowMultipleValues":true}}