{"name":"HelloIntent","identifier":"HMBPKES72L","description":null,"parentIntentSignature":null,"sampleUtterances":[{"utterance":"hello"},{"utterance":"hi"},{"utterance":"Dine spot"}],"intentConfirmationSetting":null,"intentClosingSetting":{"isActive":true,"closingResponse":{"messageGroupsList":[{"message":{"ssmlMessage":null,"imageResponseCard":null,"plainTextMessage":{"value":"Hello , Welcome to Dine Spot restaurant  . What would you like to have today ?"},"customPayload":null},"variations":null}],"allowInterrupt":true}},"inputContexts":null,"outputContexts":null,"kendraConfiguration":null,"dialogCodeHook":null,"fulfillmentCodeHook":null,"slotPriorities":[]}