{"name":"sweets","identifier":"K2KSCF9GNC","description":null,"slotTypeValues":[{"sampleValue":{"value":"Ice cream"},"synonyms":null},{"sampleValue":{"value":"Faluda"},"synonyms":null},{"sampleValue":{"value":"Rabadi"},"synonyms":null},{"sampleValue":{"value":"Chocobar"},"synonyms":null},{"sampleValue":{"value":"Lassi"},"synonyms":null},{"sampleValue":{"value":"Gulabjaam"},"synonyms":null}],"parentSlotTypeSignature":null,"valueSelectionSetting":{"regexFilter":null,"resolutionStrategy":"ORIGINAL_VALUE"}}