{"name":"veg","identifier":"SMNFOT0JIN","description":null,"slotTypeValues":[{"sampleValue":{"value":"Paneer tikka"},"synonyms":null},{"sampleValue":{"value":"Chili paneer"},"synonyms":null},{"sampleValue":{"value":"Paneer cutlet"},"synonyms":null},{"sampleValue":{"value":"Aloo pakoda"},"synonyms":null},{"sampleValue":{"value":"Masala Papad"},"synonyms":null},{"sampleValue":{"value":"Veg cutlet"},"synonyms":null}],"parentSlotTypeSignature":null,"valueSelectionSetting":{"regexFilter":null,"resolutionStrategy":"ORIGINAL_VALUE"}}